[
  { "name": "new york", "country": "us", "lat": 40.7128, "lon": -74.006, "zone": "America/New_York" },
  { "name": "los angeles", "country": "us", "lat": 34.0522, "lon": -118.2437, "zone": "America/Los_Angeles" },
  { "name": "chicago", "country": "us", "lat": 41.8781, "lon": -87.6298, "zone": "America/Chicago" },
  { "name": "denver", "country": "us", "lat": 39.7392, "lon": -104.9903, "zone": "America/Denver" },
  { "name": "phoenix", "country": "us", "lat": 33.4484, "lon": -112.074, "zone": "America/Phoenix" },
  { "name": "london", "country": "uk", "lat": 51.5072, "lon": -0.1276, "zone": "Europe/London" },
  { "name": "paris", "country": "fr", "lat": 48.8566, "lon": 2.3522, "zone": "Europe/Paris" },
  { "name": "prague", "country": "cz", "lat": 50.0755, "lon": 14.4378, "zone": "Europe/Prague" },
  { "name": "berlin", "country": "de", "lat": 52.52, "lon": 13.405, "zone": "Europe/Berlin" },
  { "name": "madrid", "country": "es", "lat": 40.4168, "lon": -3.7038, "zone": "Europe/Madrid" },
  { "name": "lisbon", "country": "pt", "lat": 38.7223, "lon": -9.1393, "zone": "Europe/Lisbon" },
  { "name": "tokyo", "country": "jp", "lat": 35.6764, "lon": 139.65, "zone": "Asia/Tokyo" },
  { "name": "seoul", "country": "kr", "lat": 37.5665, "lon": 126.978, "zone": "Asia/Seoul" },
  { "name": "beijing", "country": "cn", "lat": 39.9042, "lon": 116.4074, "zone": "Asia/Shanghai" },
  { "name": "singapore", "country": "sg", "lat": 1.3521, "lon": 103.8198, "zone": "Asia/Singapore" },
  { "name": "sydney", "country": "au", "lat": -33.8688, "lon": 151.2093, "zone": "Australia/Sydney" },
  { "name": "melbourne", "country": "au", "lat": -37.8136, "lon": 144.9631, "zone": "Australia/Melbourne" },
  { "name": "auckland", "country": "nz", "lat": -36.8485, "lon": 174.7633, "zone": "Pacific/Auckland" },
  { "name": "cape town", "country": "za", "lat": -33.9249, "lon": 18.4241, "zone": "Africa/Johannesburg" },
  { "name": "nairobi", "country": "ke", "lat": -1.2864, "lon": 36.8172, "zone": "Africa/Nairobi" },
  { "name": "lagos", "country": "ng", "lat": 6.5244, "lon": 3.3792, "zone": "Africa/Lagos" },
  { "name": "dubai", "country": "ae", "lat": 25.2048, "lon": 55.2708, "zone": "Asia/Dubai" },
  { "name": "mumbai", "country": "in", "lat": 19.076, "lon": 72.8777, "zone": "Asia/Kolkata" },
  { "name": "delhi", "country": "in", "lat": 28.6139, "lon": 77.209, "zone": "Asia/Kolkata" },
  { "name": "sao paulo", "country": "br", "lat": -23.5505, "lon": -46.6333, "zone": "America/Sao_Paulo" },
  { "name": "rio de janeiro", "country": "br", "lat": -22.9068, "lon": -43.1729, "zone": "America/Sao_Paulo" },
  { "name": "mexico city", "country": "mx", "lat": 19.4326, "lon": -99.1332, "zone": "America/Mexico_City" },
  { "name": "buenos aires", "country": "ar", "lat": -34.6037, "lon": -58.3816, "zone": "America/Argentina/Buenos_Aires" },
  { "name": "honolulu", "country": "us", "lat": 21.3069, "lon": -157.8583, "zone": "Pacific/Honolulu" },
  { "name": "anchorage", "country": "us", "lat": 61.2181, "lon": -149.9003, "zone": "America/Anchorage" }
]
